City_ID,City,Lat,Lng,Max Temp,Humidity,Cloudiness,Wind Speed,Country,Date
0,waitangi,-43.9535,-176.5597,9.34,94,75,0.89,NZ,1722891661
1,blackmans bay,-43.0167,147.3167,10.41,71,100,1.79,AU,1722891786
2,bethel,41.3712,-73.414,31.31,66,17,0.45,US,1722891718
3,hawaiian paradise park,19.5933,-154.9731,28.18,73,0,4.63,US,1722891788
4,new norfolk,-42.7826,147.0587,11.07,86,100,2.26,AU,1722891790
5,camrose,53.0168,-112.8353,17.73,79,100,3.22,CA,1722891539
6,georgetown,5.4112,100.3354,25.97,78,20,1.54,MY,1722891616
7,port-aux-francais,-49.35,70.2167,1.19,82,71,7.79,TF,1722891654
8,stanley,54.868,-1.6985,20.77,83,75,4.63,GB,1722891694
9,st. john's,47.5649,-52.7093,22.66,84,75,10.8,CA,1722891796
10,urangan,-25.3,152.9,18.46,77,8,2.91,AU,1722891705
11,tucumcari,35.1717,-103.725,36.08,17,7,4.2,US,1722891798
12,longyearbyen,78.2186,15.6401,7.91,87,40,5.14,SJ,1722891793
13,bredasdorp,-34.5322,20.0403,8.05,84,0,3.39,ZA,1722891800
14,west island,-12.1568,96.8225,24.99,78,29,3.6,CC,1722891802
15,avarua,-21.2078,-159.775,25.03,83,1,4.63,CK,1722891803
16,hadibu,12.65,54.0333,25.43,81,37,9.06,YE,1722891804
17,san antonio de pale,-1.4014,5.6325,22.21,74,100,4.21,GQ,1722891805
18,edinburgh of the seven seas,-37.0676,-12.3116,13.53,94,95,10.26,SH,1722891806
19,udachny,66.4167,112.4,9.68,86,100,8.03,RU,1722891807
20,alice springs,-23.7,133.8833,2.75,93,0,0.0,AU,1722891808
21,grytviken,-54.2811,-36.5092,-9.22,78,100,5.63,GS,1722891660
22,kone,-21.0595,164.8658,18.44,65,5,1.25,NC,1722891810
23,tiksi,71.6872,128.8694,12.11,74,100,2.97,RU,1722891812
24,saudarkrokur,65.7461,-19.6394,9.94,95,99,3.1,IS,1722891813
25,benalla,-36.55,145.9833,5.94,94,98,1.18,AU,1722891814
26,kapuskasing,49.4169,-82.4331,21.05,43,75,5.14,CA,1722891663
27,saint-joseph,-21.3667,55.6167,18.21,79,14,3.14,RE,1722891816
28,anadyr,64.75,177.4833,3.28,93,75,7.0,RU,1722891817
29,badger,64.8,-147.5333,27.42,43,20,2.57,US,1722891818
30,ilulissat,69.2167,-51.1,9.01,81,20,2.57,GL,1722891819
31,adamstown,-25.066,-130.1015,19.46,65,54,4.49,PN,1722891663
32,fale old settlement,-9.3852,-171.2468,27.77,76,100,4.77,TK,1722891822
33,chervyen',53.7059,28.4313,14.17,83,99,1.67,BY,1722891823
34,miri,4.4148,114.0089,25.08,94,20,0.0,MY,1722891824
35,kingston,17.997,-76.7936,33.53,66,20,10.29,JM,1722891577
36,puerto natales,-51.7236,-72.4875,0.25,86,75,2.06,CL,1722891826
37,williamsburg,37.2707,-76.7075,32.13,72,20,3.09,US,1722891613
38,international falls,48.6011,-93.411,22.3,52,0,0.0,US,1722891602
39,wamberal,-33.4318,151.4428,10.02,89,66,1.79,AU,1722891830
40,hermanus,-34.4187,19.2345,11.02,78,4,5.4,ZA,1722891831
41,tolanaro,-25.0319,46.9987,17.04,82,0,0.0,MG,1722891832
42,jamestown,42.097,-79.2353,25.8,83,20,4.12,US,1722891659
43,utrik,11.2278,169.8474,28.16,81,97,6.84,MH,1722891834
44,bairnsdale,-37.8333,147.6167,2.81,97,0,0.45,AU,1722891835
45,ukiah,39.1502,-123.2078,38.02,21,0,2.06,US,1722891836
46,punta arenas,-53.15,-70.9167,2.01,80,20,4.12,CL,1722891838
47,iqaluit,63.7506,-68.5145,7.85,70,100,5.66,CA,1722891840
48,buurhakaba,2.8026,44.0781,22.71,70,3,5.39,SO,1722891841
49,praia da vitoria,38.7333,-27.0667,28.14,65,20,1.56,PT,1722891842
50,ta`u,-14.2336,-169.5144,25.66,74,27,2.5,AS,1722891843
51,mwaro,-3.5,29.6667,14.67,34,49,2.31,BI,1722891845
52,khorixas,-20.3667,14.9667,17.84,24,0,1.11,NA,1722891846
53,boiling springs,35.0465,-81.9818,30.59,65,0,4.12,US,1722891847
54,flying fish cove,-10.4217,105.6791,24.82,83,100,4.63,CX,1722891848
55,sitka,57.0531,-135.33,19.94,68,20,2.06,US,1722891849
56,tomatlan,19.9333,-105.25,32.06,59,71,3.47,MX,1722891850
57,prado,-17.3411,-39.2208,22.08,74,0,2.86,BR,1722891851
58,lionel town,17.8101,-77.2406,33.94,63,30,5.71,JM,1722891852
59,mar del plata,-38.0023,-57.5575,11.96,90,75,5.81,AR,1722891607
60,corner brook,48.9667,-57.9484,26.09,69,48,2.71,CA,1722891683
61,anloga,5.7947,0.8973,24.29,85,72,7.05,GH,1722891856
62,kodiak,57.79,-152.4072,11.73,100,100,6.17,US,1722891857
63,ad darb,17.7229,42.2526,33.63,46,100,3.16,SA,1722891858
64,pisco,-13.7,-76.2167,18.9,77,0,4.63,PE,1722891846
65,queenstown,-31.8976,26.8753,7.96,26,0,2.38,ZA,1722891679
66,przysucha,51.3586,20.6289,15.83,88,91,2.61,PL,1722891862
67,atafu village,-8.5421,-172.5159,28.03,75,61,2.94,TK,1722891863
68,minas de marcona,-15.2119,-75.1103,14.51,64,0,6.9,PE,1722891864
69,lebu,-37.6167,-73.65,9.37,78,35,4.33,CL,1722891696
70,soc trang,9.6033,105.98,24.69,94,36,2.23,VN,1722891866
71,labrador city,52.9463,-66.9114,12.95,62,100,8.05,CA,1722891611
72,chulakkurgan,43.765,69.1814,25.13,23,45,3.97,KZ,1722891868
73,northam,51.0333,-4.2167,19.66,92,100,5.83,GB,1722891869
74,olonkinbyen,70.9221,-8.7187,6.35,95,100,2.8,SJ,1722891870
75,val-d'or,48.1002,-77.7828,21.05,35,75,5.66,CA,1722891872
76,saipan,15.1355,145.701,28.39,83,0,3.09,MP,1722891873
77,enewetak,11.3474,162.3373,28.58,72,83,1.83,MH,1722891874
78,vorgashor,67.5833,63.95,5.18,75,7,2.61,RU,1722891875
79,vershino-darasunskiy,52.35,115.5167,12.83,74,88,1.41,RU,1722891877
80,puerto ayora,-0.7393,-90.3518,24.98,78,59,4.9,EC,1722891878
81,grand falls-windsor,48.9332,-55.6649,24.17,84,100,4.45,CA,1722891880
82,papatowai,-46.5619,169.4708,6.19,77,29,3.7,NZ,1722891881
83,howrah,22.5892,88.3103,28.0,94,40,1.54,IN,1722891882
84,aasiaat,68.7098,-52.8699,4.12,88,63,1.82,GL,1722891883
85,kongolo,-5.3833,27.0,25.42,23,5,1.23,CD,1722891734
86,nemuro,43.3236,145.575,16.95,99,91,2.0,JP,1722891871
87,codrington,-38.2667,141.9667,6.17,95,100,5.86,AU,1722891887
88,talnakh,69.4865,88.3972,7.91,70,19,1.54,RU,1722891888
89,rongelap,11.1635,166.8941,28.2,78,100,6.37,MH,1722891889
90,hwange,-18.3693,26.5019,20.08,19,0,0.79,ZW,1722891890
91,ushuaia,-54.8,-68.3,-1.19,69,0,0.51,AR,1722891609
92,qarqaraly,49.4058,75.4742,15.92,53,54,2.0,KZ,1722891894
93,albany,42.6001,-73.9662,29.27,63,92,2.75,US,1722891895
94,valparaiso,-33.0393,-71.6273,11.13,100,100,2.06,CL,1722891612
95,moires,35.0532,24.8744,25.68,47,0,1.61,GR,1722891897
96,lihue,21.9789,-159.3672,29.58,69,0,4.63,US,1722891898
97,sola,-13.8833,167.55,24.78,65,65,10.59,VU,1722891899
98,kisangani,0.5167,25.2,22.91,82,88,0.97,CD,1722891900
99,invercargill,-46.4,168.35,6.68,86,82,2.24,NZ,1722891901
100,kurmuk,10.55,34.2833,19.72,94,100,1.0,SD,1722891903
101,warrnambool,-38.3833,142.4833,7.23,89,100,6.09,AU,1722891904
102,margaret river,-33.95,115.0667,16.26,86,100,8.26,AU,1722891905
103,ribeira grande,38.5167,-28.7,25.43,88,40,5.81,PT,1722891906
104,yellowknife,62.456,-114.3525,21.9,43,75,4.12,CA,1722891907
105,barra do garcas,-15.89,-52.2567,33.32,33,0,2.06,BR,1722891672
106,ghanzi,-21.5667,21.7833,12.66,24,1,3.81,BW,1722891911
107,sinan,34.8262,126.1086,25.06,87,2,2.88,KR,1722891912
108,port mathurin,-19.6833,63.4167,22.46,77,12,8.26,MU,1722891913
109,la passe,45.5549,-0.8967,23.13,88,0,4.23,FR,1722891914
110,mamuju,-2.6748,118.8885,25.47,85,72,1.78,ID,1722891915
111,sassandra,4.95,-6.0833,23.29,90,97,3.16,CI,1722891916
112,maceio,-9.6658,-35.7353,22.69,94,75,1.54,BR,1722891780
113,mosjoen,65.836,13.1908,20.23,72,0,0.0,NO,1722891918
114,fort mcmurray,56.7268,-111.381,22.77,49,20,6.17,CA,1722891920
115,mount isa,-20.7333,139.5,15.87,67,100,3.6,AU,1722891921
116,vilhena,-12.7406,-60.1458,32.12,29,0,3.6,BR,1722891922
117,happy valley-goose bay,53.3168,-60.3315,25.17,38,20,4.63,CA,1722891923
118,daye,30.0833,114.95,25.23,68,6,1.61,CN,1722891924
119,namtsy,62.7161,129.6658,12.94,89,100,3.95,RU,1722891925
120,caconda,-13.7333,15.0667,16.34,30,0,1.48,AO,1722891926
121,ust'-ordynskiy,52.805,104.7508,11.78,86,0,0.52,RU,1722891928
122,hithadhoo,-0.6,73.0833,28.31,74,100,1.02,MV,1722891929
123,bodo,67.28,14.405,18.21,82,0,2.57,NO,1722891930
124,inirida,3.8653,-67.9239,25.93,90,84,1.83,CO,1722891932
125,tsiombe,-25.3,45.4833,17.96,93,4,0.88,MG,1722891933
126,fiditi,7.7136,3.9172,22.84,85,100,3.27,NG,1722891934
127,brisas de zicatela,15.8369,-97.0419,29.19,73,76,2.55,MX,1722891935
128,belyy yar,53.6039,91.3903,17.94,77,40,4.0,RU,1722891936
129,laojunmiao,39.8333,97.7333,20.84,37,2,2.31,CN,1722891938
130,bilibino,68.0546,166.4372,3.24,64,90,1.2,RU,1722891939
131,choibalsan,48.0667,114.5,15.59,83,62,0.95,MN,1722891940
132,usman',52.0466,39.7288,17.02,65,78,1.77,RU,1722891941
133,borba,-4.3878,-59.5939,34.48,31,96,0.71,BR,1722891942
134,port alfred,-33.5906,26.891,13.58,62,0,4.08,ZA,1722891944
135,saint-pierre,-21.3393,55.4781,18.82,63,0,3.09,RE,1722891947
136,remire-montjoly,4.9167,-52.2667,30.02,70,6,3.6,GF,1722891948
137,kununurra,-15.7667,128.7333,17.99,88,47,0.0,AU,1722891949
138,mo i rana,66.3128,14.1428,17.4,82,0,0.0,NO,1722891950
139,weno,7.4515,151.8468,28.72,72,100,4.56,FM,1722891951
140,kirakira,-10.4544,161.9205,25.65,86,100,4.29,SB,1722891953
141,kirs,59.3388,52.2447,14.41,98,57,1.51,RU,1722891954
142,massawa,15.6097,39.45,33.55,60,61,3.68,ER,1722891956
143,nova sintra,14.8667,-24.7167,27.08,79,33,2.05,CV,1722891957
144,chernogorsk,53.8236,91.2842,17.76,77,40,4.0,RU,1722891958
145,zouerate,22.7187,-12.4521,36.94,15,1,10.01,MR,1722891959
146,shingu,33.7333,135.9833,25.62,93,79,1.21,JP,1722891960
147,tazovsky,67.4667,78.7,6.09,77,94,4.67,RU,1722891961
148,wynyard,-41.0,145.7167,8.42,89,66,3.48,AU,1722891963
149,isafjordur,66.0755,-23.124,6.87,96,100,9.52,IS,1722891964
150,pitimbu,-7.4706,-34.8086,24.33,74,22,5.4,BR,1722891965
151,saint-philippe,-21.3585,55.7679,18.77,79,21,3.62,RE,1722891966
152,uzgen,40.7699,73.3007,25.16,34,10,2.77,KG,1722891967
153,nacala,-14.5428,40.6728,20.44,82,18,1.4,MZ,1722891968
154,taulaga,-11.0553,-171.0883,27.3,81,17,5.71,AS,1722891970
155,kenai,60.5544,-151.2583,23.05,52,0,7.2,US,1722891971
156,sisimiut,66.9395,-53.6735,7.02,77,77,1.69,GL,1722891972
157,verkhniy tagil,57.3733,59.9556,14.89,99,100,1.61,RU,1722891973
158,susuman,62.7833,148.1667,14.44,57,98,2.35,RU,1722891974
159,college,64.8569,-147.8028,27.47,42,20,2.57,US,1722891944
160,shiyan,32.6475,110.7781,24.18,95,3,2.07,CN,1722891976
161,ancud,-41.8697,-73.8203,8.26,94,100,8.84,CL,1722891977
162,ust-nera,64.5667,143.2,14.62,56,100,2.09,RU,1722891979
163,cabo san lucas,22.8909,-109.9124,33.61,55,0,4.12,MX,1722891971
164,polyarnyy,69.1989,33.4478,9.23,78,3,1.56,RU,1722891949
165,ayacucho,-13.1583,-74.2239,22.92,25,40,1.54,PE,1722891982
166,severnoye,56.3491,78.3619,15.18,94,100,2.24,RU,1722891984
167,tralee,52.2704,-9.7026,11.87,89,0,2.47,IE,1722891985
168,el porvenir,13.7617,-87.3458,31.63,57,42,0.96,HN,1722891986
169,saint-leu,-21.15,55.2833,18.48,75,5,1.3,RE,1722891987
170,antofagasta,-23.65,-70.4,14.6,82,52,4.64,CL,1722891718
171,kavaratti,10.5669,72.642,27.34,83,100,5.02,IN,1722891990
172,lautoka,-17.6167,177.4667,22.92,60,20,2.57,FJ,1722891992
173,al kharijah,25.4514,30.5464,35.26,15,96,4.55,EG,1722891993
174,nagqu,31.5,92.0,3.88,80,4,1.23,CN,1722891994
175,thompson,55.7435,-97.8558,22.09,35,40,2.06,CA,1722891995
176,manggar,-2.8833,108.2667,27.14,74,96,6.06,ID,1722891996
177,gaspe,48.8334,-64.4819,22.12,64,75,7.2,CA,1722891998
178,sarmiento,-45.5882,-69.07,4.0,97,100,5.91,AR,1722891999
179,yasnyy,51.0333,59.8742,21.35,49,87,3.68,RU,1722892000
180,deschutes river woods,43.9915,-121.3584,33.47,26,0,4.12,US,1722892001
181,acarau,-2.8856,-40.12,25.74,72,97,8.34,BR,1722891913
182,borogontsy,62.6683,131.1683,11.19,93,100,3.41,RU,1722892003
183,tanjung sepat,2.6579,101.5629,26.08,89,20,1.54,MY,1722892004
184,asan,36.7836,127.0042,24.91,95,81,1.04,KR,1722892006
185,trevelin,-43.0858,-71.4639,6.71,98,100,1.22,AR,1722892007
186,aioun,16.6614,-9.6149,30.16,60,63,4.82,MR,1722892008
187,hirara,24.8,125.2833,29.52,81,100,5.62,JP,1722892009
188,shenjiamen,29.9576,122.298,26.83,92,1,3.42,CN,1722892010
189,hamilton,39.1834,-84.5333,34.93,50,20,4.12,US,1722891712
190,xining,36.6167,101.7667,14.23,84,81,1.22,CN,1722892012
191,weyburn,49.6668,-103.8511,24.27,32,95,5.72,CA,1722892014
192,villa de soto,-30.8552,-64.9995,22.44,30,0,5.62,AR,1722892015
193,tura,25.5198,90.2201,24.25,99,100,2.14,IN,1722892016
194,kavak,41.0783,36.0425,19.09,99,55,0.74,TR,1722892017
195,vila franca do campo,37.7167,-25.4333,24.23,86,22,2.59,PT,1722892018
196,whitehorse,60.7161,-135.0538,25.05,36,9,2.24,CA,1722892019
197,hammerfest,70.6634,23.6821,17.4,57,8,3.51,NO,1722892020
198,kayangel,8.0823,134.7173,28.79,74,100,4.44,PW,1722892022
199,novo aripuana,-5.1206,-60.3797,35.93,24,76,1.2,BR,1722892023
200,djenne,13.9061,-4.5533,28.1,67,84,3.65,ML,1722892024
201,la ronge,55.1001,-105.2842,21.14,37,100,2.06,CA,1722891796
202,luderitz,-26.6481,15.1594,13.03,65,0,6.36,NA,1722892026
203,guerrero negro,27.9769,-114.0611,27.8,50,100,6.12,MX,1722892028
204,malango,-2.9627,119.9001,17.6,98,14,1.15,ID,1722892030
205,wakkanai,45.4094,141.6739,17.33,90,97,2.02,JP,1722892031
206,gadzhiyevo,69.2551,33.3362,8.73,80,2,1.44,RU,1722892032
207,crawfordsville,40.0411,-86.8745,33.02,54,4,4.93,US,1722892034
208,istok,42.7808,20.4875,14.51,61,30,2.96,XK,1722892035
209,kerikeri,-35.2268,173.9474,9.95,95,28,1.88,NZ,1722892036
210,sinabang,2.4803,96.3801,25.79,82,100,0.77,ID,1722892037
211,richmond,37.5538,-77.4603,33.35,67,75,3.6,US,1722891611
212,narasannapeta,18.4167,84.05,27.13,84,100,2.19,IN,1722892040
213,lusambo,-4.9667,23.45,22.17,27,69,0.22,CD,1722892041
214,hobyo,5.3505,48.5268,24.31,85,46,11.92,SO,1722892042
215,sechura,-5.5569,-80.8222,23.76,53,0,7.83,PE,1722892043
216,margate,51.3813,1.3862,18.72,74,1,4.5,GB,1722892044
217,az zuwaytinah,30.9522,20.1202,28.98,59,0,5.53,LY,1722892045
218,atasu,48.6814,71.6433,21.45,42,100,2.98,KZ,1722892047
219,maintirano,-18.0667,44.0167,22.35,75,2,3.73,MG,1722892048
220,grossenkneten,52.95,8.2667,19.76,77,4,3.35,DE,1722892049
221,ola,59.5833,151.2833,13.34,80,100,1.2,RU,1722892050
222,mount vernon,40.9126,-73.8371,32.82,53,75,5.66,US,1722891961
223,motueka,-41.1333,173.0167,6.46,74,7,1.62,NZ,1722892015
224,inhambane,-23.865,35.3833,21.04,75,54,7.28,MZ,1722891926
225,belle fourche,44.6714,-103.8522,30.28,25,0,5.26,US,1722892054
226,kolonia,50.9333,6.95,21.08,79,0,2.57,DE,1722891809
227,mbandaka,0.0487,18.2603,23.3,74,54,1.67,CD,1722892057
228,marshall,34.3834,-86.3333,33.99,59,40,3.6,US,1722892058
229,ponta delgada,37.7333,-25.6667,24.4,94,40,4.12,PT,1722892059
230,touros,-5.1989,-35.4608,24.42,76,43,6.85,BR,1722892060
231,casino,-28.8667,153.05,15.31,93,93,1.96,AU,1722892061
232,igarka,67.4667,86.5833,6.39,81,99,4.73,RU,1722892062
233,khandyga,62.6667,135.6,12.16,93,100,2.23,RU,1722892064
234,coquimbo,-29.9533,-71.3436,15.85,53,0,4.63,CL,1722891707
235,ad dabbah,18.05,30.95,33.62,43,85,3.29,SD,1722892066
236,altamira,-3.2033,-52.2064,33.05,46,20,1.54,BR,1722891915
237,wewak,-3.5534,143.6268,24.73,89,98,1.95,PG,1722892068
238,bonthe,7.5264,-12.505,24.81,88,67,4.04,SL,1722891792
239,lerwick,60.1545,-1.1494,14.0,91,97,0.31,GB,1722892071
240,piriapolis,-34.8682,-55.2744,16.09,92,100,5.66,UY,1722892073
241,ojinaga,29.5667,-104.4167,30.53,39,0,0.0,MX,1722892074
242,domazlice,49.4405,12.9298,17.84,81,52,1.37,CZ,1722892075
243,nakhon thai,17.1006,100.8374,23.61,98,100,1.53,TH,1722892076
244,batticaloa,7.7102,81.6924,26.91,80,99,1.01,LK,1722892077
245,monroe,43.1501,-77.6831,27.03,78,100,3.09,US,1722891995
246,zhosaly,45.4878,64.0781,30.35,25,66,3.11,KZ,1722892080
247,ostersund,63.1792,14.6357,18.25,77,100,3.09,SE,1722892081
248,orchomenos,38.4929,22.9796,26.1,64,19,1.79,GR,1722892082
249,nar'yan-mar,67.6713,53.087,5.47,86,6,4.63,RU,1722892083
250,arkhangel'sk,64.5401,40.5433,13.06,82,40,3.0,RU,1722892084
251,egilsstadir,65.2653,-14.3948,10.15,96,100,1.19,IS,1722892085
252,santyoku,37.4406,129.1708,24.82,90,0,2.04,KR,1722892086
253,waddan,29.1614,16.139,33.49,16,0,6.61,LY,1722892087
254,tokar,18.4254,37.729,32.45,53,96,4.13,SD,1722892089
255,auxerre,47.8,3.5667,19.24,72,0,1.69,FR,1722892091
256,buala,-8.145,159.5921,25.98,85,98,4.19,SB,1722892092
257,nouadhibou,20.931,-17.0347,21.68,88,19,7.05,MR,1722892093
258,awjilah,29.1081,21.2869,32.66,21,0,1.17,LY,1722892094
259,ma'an,26.9775,110.7211,25.29,86,96,1.75,CN,1722892095
260,lluta,-16.0147,-72.0142,10.52,30,32,3.97,PE,1722892096
261,shimoda,34.6667,138.95,26.17,85,6,1.4,JP,1722892097
262,petropavlovsk-kamchatsky,53.0452,158.6483,12.33,100,100,1.0,RU,1722892099
263,mount gambier,-37.8333,140.7667,6.01,100,100,2.95,AU,1722892100
264,qaqortoq,60.7167,-46.0333,8.77,74,100,1.64,GL,1722892014
265,golden hills,35.1425,-118.4904,38.45,21,18,6.26,US,1722892103
266,kharan,28.5833,65.4167,30.83,50,74,2.24,PK,1722892094
267,novosergiyevka,52.0934,53.6528,22.29,51,99,0.49,RU,1722892105
268,laurel,39.0993,-76.8483,35.33,50,40,1.54,US,1722891986
269,oropesa del mar,40.1,0.15,26.87,66,40,3.74,ES,1722892108
270,maturin,9.75,-63.1767,24.91,100,100,2.06,VE,1722892109
271,wailua homesteads,22.0669,-159.378,29.24,69,0,4.63,US,1722892111
272,qamdo,31.1667,97.2333,7.01,59,17,1.51,CN,1722892112
273,uturoa,-16.7333,-151.4333,25.79,74,64,5.34,PF,1722892113
274,gettysburg,39.8309,-77.2311,34.43,46,11,2.24,US,1722892114
275,simanggang,1.2472,111.4528,22.88,98,37,0.48,MY,1722892116
276,pariaman,-0.619,100.12,26.03,90,82,2.85,ID,1722892117
277,thunder bay,48.4001,-89.3168,22.67,36,100,1.24,CA,1722892067
278,zag,46.9441,99.165,12.34,51,18,0.92,MN,1722892119
279,pampa,35.5362,-100.9599,37.54,21,0,3.6,US,1722891973
280,buford,34.1207,-84.0043,32.16,67,40,4.63,US,1722891922
281,chul'man,56.8479,124.9104,11.93,98,100,3.74,RU,1722892123
282,callao,-12.0667,-77.15,23.01,82,74,6.55,PE,1722892125
283,zeya,53.75,127.2667,17.11,99,97,1.0,RU,1722892126
284,fort bragg,35.139,-79.006,29.55,78,100,3.09,US,1722892127
285,djambala,-2.5447,14.7533,24.68,53,94,2.33,CG,1722892128
286,port isabel,26.0734,-97.2086,34.04,73,0,6.17,US,1722892129
287,ingeniero jacobacci,-41.3427,-69.5448,8.59,47,61,6.68,AR,1722892130
288,iitti,60.8949,26.3387,17.22,96,100,1.58,FI,1722892131
289,isangel,-19.55,169.2667,21.74,61,33,5.63,VU,1722892132
290,north tamworth,-31.0778,150.9261,8.06,100,75,0.0,AU,1722892134
291,akureyri,65.6835,-18.0878,10.01,99,100,2.79,IS,1722892026
292,vilyuysk,63.7553,121.6247,12.52,79,25,1.89,RU,1722892136
293,howard springs,-12.497,131.047,22.95,88,7,2.24,AU,1722892137
294,berezovo,63.9381,65.0419,10.08,72,100,5.33,RU,1722892138
295,qui nhon,13.7667,109.2333,25.51,87,80,1.54,VN,1722892139
296,kaiapoi,-43.3783,172.6401,7.13,69,0,0.71,NZ,1722892141
297,vila velha,-20.3297,-40.2925,23.3,88,0,3.09,BR,1722892142
298,itoman,26.1247,127.6694,28.21,96,75,7.2,JP,1722892143
299,la sierpe,21.7717,-79.2684,33.1,61,90,4.08,CU,1722892144
300,quartu sant'elena,39.2419,9.1839,27.78,65,0,4.63,IT,1722892079
301,demikhovo,55.7968,38.884,14.99,91,2,1.54,RU,1722892146
302,colonia,50.9333,6.95,21.08,79,0,2.57,DE,1722892050
303,savannakhet,16.566,104.751,24.28,92,100,1.99,LA,1722892149
304,la tuque,47.4334,-72.7824,17.25,68,98,0.32,CA,1722892150
305,port-vila,-17.7338,168.3219,19.78,83,75,1.03,VU,1722892152
306,sanluri,39.5611,8.8994,26.92,80,45,2.78,IT,1722892153
307,aflao,6.116,1.1914,24.23,85,79,6.39,TG,1722892155
308,taltal,-25.4,-70.4833,15.93,68,24,2.4,CL,1722891620
309,constantia,44.1833,28.65,21.38,63,56,5.35,RO,1722892158
310,andratx,39.5755,2.4202,27.56,72,0,4.66,ES,1722892159
311,brookings,44.3114,-96.7984,20.05,88,100,5.66,US,1722892144
312,argo,37.6333,22.7333,27.1,66,0,1.04,GR,1722892162
313,nadym,65.5333,72.5167,7.34,71,41,5.61,RU,1722892163
314,tambacounda,13.7539,-13.7586,25.19,92,100,2.69,SN,1722892164
315,martapura,-3.4167,114.85,24.05,100,96,0.51,ID,1722892165
316,kagizman,40.1567,43.1342,19.15,73,6,3.39,TR,1722892166
317,poso,-1.3959,120.7524,24.68,80,92,1.74,ID,1722892167
318,la plata,-34.9215,-57.9545,16.04,93,100,4.7,AR,1722891959
319,rio grande,-32.035,-52.0986,18.06,95,54,6.03,BR,1722892170
320,zliten,32.4674,14.5687,26.88,81,0,4.01,LY,1722892172
321,kapa'a,22.0752,-159.319,29.99,69,0,4.63,US,1722892173
322,chemin grenier,-20.4872,57.4656,16.42,77,5,2.77,MU,1722892174
323,paramonga,-10.6667,-77.8333,18.74,76,9,6.14,PE,1722892175
324,bansang,13.4333,-14.65,24.54,93,100,2.38,GM,1722892176
325,george town,5.4112,100.3354,28.96,74,20,1.03,MY,1722892023
326,seven pagodas,12.6264,80.1722,27.19,79,100,4.45,IN,1722892179
327,kilindoni,-7.9139,39.6668,24.76,75,2,6.59,TZ,1722892180
328,selfoss,63.9331,-20.9971,11.14,98,100,2.12,IS,1722892181
329,jalai nur,49.45,117.7,19.0,61,94,0.59,CN,1722892182
330,pacific grove,36.6177,-121.9166,26.25,87,100,4.12,US,1722892183
331,mil'kovo,55.6078,37.7956,19.08,77,7,1.43,RU,1722892184
332,thulamahashi,-24.7246,31.1994,16.08,82,100,2.97,ZA,1722892185
333,ivdel',60.6911,60.4206,10.31,98,100,3.3,RU,1722892187
334,price,39.5994,-110.8107,33.59,18,0,2.57,US,1722892188
335,at taj,24.2049,23.2857,30.84,17,1,4.52,LY,1722892189
336,guerrero,17.6667,-100.0,22.32,91,99,0.64,MX,1722892190
337,el bauga,18.262,33.9081,28.1,69,81,11.09,SD,1722892192
338,kievka,50.2619,71.5514,21.66,50,82,1.62,KZ,1722892193
339,neiafu,-18.65,-173.9833,23.38,88,20,2.57,TO,1722892194
340,san patricio,28.017,-97.5169,34.74,39,33,4.63,US,1722891659
341,ahmadnagar,19.0833,74.7333,22.8,90,95,5.72,IN,1722892197
342,afaahiti,-17.75,-149.2833,27.93,77,64,5.77,PF,1722892198
343,rundu,-17.9333,19.7667,16.31,21,0,3.19,NA,1722892199
344,tarko-sale,64.9225,77.785,10.8,84,100,4.16,RU,1722892200
345,alaghsas,17.0187,8.0168,31.62,49,22,7.6,NE,1722892097
346,puerto carreno,6.189,-67.4859,27.53,72,100,1.47,CO,1722892142
347,andergrove,-21.0833,149.1833,14.8,91,27,2.88,AU,1722892204
348,bubaque,11.2833,-15.8333,26.52,84,100,5.92,GW,1722892205
349,hami,42.8,93.45,27.01,26,2,2.24,CN,1722892207
350,subaykhan,34.8544,40.6083,33.88,34,0,8.43,SY,1722892208
351,dadukou,26.5479,101.7054,22.2,96,100,0.27,CN,1722892210
352,bramming,55.4695,8.7001,15.48,94,29,1.54,DK,1722892212
353,novodvinsk,64.4165,40.8122,12.86,63,100,3.01,RU,1722892213
354,mtsensk,53.2766,36.5733,18.57,63,100,1.68,RU,1722892214
355,shohimardon,39.9839,71.8028,21.43,47,6,1.35,UZ,1722892215
356,kutiyana,21.6233,69.9817,26.92,87,80,7.71,IN,1722892217
357,la sarre,48.8002,-79.1996,20.14,40,81,3.85,CA,1722892218
358,zhezqazghan,47.7833,67.7667,23.71,34,6,3.41,KZ,1722892219
359,ilhabela,-23.7781,-45.3581,21.76,79,0,0.77,BR,1722892220
360,namdrik,5.5994,168.1028,28.07,77,66,3.5,MH,1722892221
361,rosarito,32.3333,-117.0333,32.73,72,92,3.92,MX,1722892222
362,puerto aysen,-45.4,-72.7,4.47,98,100,1.77,CL,1722892022
363,arad,46.3333,21.75,20.95,83,100,2.82,RO,1722892225
364,ivins,37.1686,-113.6794,41.18,15,69,3.13,US,1722892226
365,nahiyat al fuhud,30.9697,46.7228,37.51,13,0,4.59,IQ,1722892227
366,tvoroyri,61.5556,-6.8111,11.08,93,0,5.42,FO,1722892228
367,kibale,0.8,31.0667,16.53,97,50,0.85,UG,1722892229
368,roma,43.2128,-75.4557,27.43,73,98,0.89,US,1722892230
369,riachao das neves,-11.7461,-44.91,25.14,32,0,1.25,BR,1722892232
370,biltine,14.5333,20.9167,24.07,87,99,3.3,TD,1722892233
371,les anglais,18.3054,-74.2197,29.17,74,37,2.41,HT,1722892234
372,ronne,55.1009,14.7066,14.95,94,20,1.54,DK,1722892235
373,filadelfia,39.9523,-75.1638,34.47,52,40,6.17,US,1722892197
374,santa ana,33.7456,-117.8678,42.01,38,40,4.63,US,1722892237
375,palmer,42.1584,-72.3287,31.24,52,75,6.17,US,1722892239
376,okhotsk,59.3833,143.3,11.93,90,100,7.74,RU,1722892240
377,carnarvon,-24.8667,113.6333,16.55,63,1,2.85,AU,1722892241
378,semey,50.4111,80.2275,20.07,46,0,1.86,KZ,1722892242
379,mabaruma,8.2,-59.7833,26.98,86,100,1.72,GY,1722892243
380,nova xavantina,-14.6667,-52.35,28.82,24,0,1.6,BR,1722892244
381,malvan,16.0667,73.4667,26.1,87,73,4.54,IN,1722892245
382,nizhnesortymskiy,62.4397,71.7603,11.94,75,94,6.51,RU,1722892247
383,midvagur,62.0511,-7.1939,11.46,93,75,3.09,FO,1722892248
384,palasa,18.7667,84.4167,27.24,84,100,2.02,IN,1722892249
385,turpan,42.9333,89.1667,35.13,18,25,0.32,CN,1722892250
386,cumana,10.4635,-64.1775,27.91,75,78,0.94,VE,1722892251
387,daru,-9.0763,143.2092,24.32,89,100,6.61,PG,1722892252
388,puerto baquerizo moreno,-0.9,-89.6,21.55,83,75,4.12,EC,1722892253
389,darwin,-12.4611,130.8418,22.99,83,9,2.06,AU,1722892254
390,crucecita,-28.95,-58.9833,21.44,85,90,2.15,AR,1722892255
391,port lincoln,-34.7333,135.8667,9.39,90,100,4.31,AU,1722892257
392,keflavik,64.0049,-22.5624,10.24,100,75,4.12,IS,1722892258
393,sao joao da barra,-21.6403,-41.0511,23.05,85,0,7.94,BR,1722892019
394,suntar,62.1444,117.6319,12.06,95,12,2.02,RU,1722892260
395,kongsvinger,60.1905,11.9977,17.37,91,99,1.23,NO,1722892261
396,zhengjiatun,43.5064,123.5064,20.19,78,0,2.6,CN,1722892262
397,barranca,-10.75,-77.7667,18.4,74,11,6.14,PE,1722892072
398,ovalle,-30.5983,-71.2003,17.46,24,0,4.04,CL,1722892264
399,banyo,6.75,11.8167,18.9,96,100,1.38,CM,1722892266
400,trairi,-3.2778,-39.2689,25.43,76,97,6.29,BR,1722892167
401,novyye lyady,58.0536,56.6039,14.58,97,85,1.54,RU,1722892268
402,sodo,6.8642,37.7628,14.01,97,100,1.38,ET,1722892270
403,taozhuang,34.85,117.3333,25.46,90,100,0.98,CN,1722892271
404,krasnozerskoye,53.9828,79.2374,17.05,73,96,2.8,RU,1722892272
405,hasaki,35.7333,140.8333,26.22,88,2,3.82,JP,1722892273
406,pompeia,-22.1086,-50.1717,25.26,30,0,1.89,BR,1722892275
407,potsdam,52.3989,13.0657,19.49,85,74,0.8,DE,1722891861
408,punta del este,-34.9667,-54.95,16.06,88,100,5.66,UY,1722891977
409,san luis de la loma,17.2706,-100.8939,29.64,74,100,3.68,MX,1722892279
410,broken hill,-31.95,141.4333,4.73,91,0,2.09,AU,1722892280
411,chifeng,42.2683,118.9636,20.17,63,0,1.93,CN,1722892283
412,sapanca,40.6914,30.2674,20.9,94,20,1.03,TR,1722892285
413,claveria,18.6074,121.0832,26.09,84,7,2.98,PH,1722892286
414,kuta,-8.7233,115.1723,25.97,83,20,5.66,ID,1722892288
415,bumba,2.1833,22.4667,23.71,77,100,1.09,CD,1722892289
416,carutapera,-1.195,-46.02,26.99,74,31,4.25,BR,1722892290
417,flekkefjord,58.2971,6.6607,17.75,89,100,1.17,NO,1722892291
418,harper,4.375,-7.7169,24.23,85,100,4.07,LR,1722892292
419,little falls,40.869,-74.2082,33.11,51,0,5.66,US,1722892293
420,halmstad,56.6745,12.8568,14.45,94,29,1.03,SE,1722892294
421,vilyuchinsk,52.9306,158.4028,13.15,79,100,0.8,RU,1722892295
422,gouyave,12.1646,-61.7296,27.61,80,100,6.74,GD,1722892296
423,rikaze,29.25,88.8833,10.69,83,100,2.99,CN,1722892298
424,jagdalpur,19.0667,82.0333,23.23,93,100,1.69,IN,1722892299
425,la'ie,21.6477,-157.9253,29.98,69,88,2.68,US,1722892300
426,bengkulu,-3.8004,102.2655,23.08,89,5,2.7,ID,1722892301
427,bone south,16.2446,120.9958,21.86,98,99,1.54,PH,1722892302
428,kavieng,-2.5744,150.7967,27.6,78,100,5.22,PG,1722892303
429,bathsheba,13.2167,-59.5167,29.34,84,20,3.6,BB,1722892304
430,east london,-33.0153,27.9116,14.2,52,0,2.7,ZA,1722892306
431,katima mulilo,-17.5,24.2667,17.99,16,0,2.34,NA,1722892308
432,iskateley,67.6803,53.1512,5.44,86,6,4.58,RU,1722892309
433,turochak,52.2576,87.1224,12.92,96,100,0.68,RU,1722892310
434,alghero,40.5589,8.3181,24.05,78,0,1.54,IT,1722892311
435,nelson bay,-32.7167,152.15,11.16,96,87,0.45,AU,1722892313
436,ugoofaaru,5.6667,73.0,27.85,74,100,1.41,MV,1722892314
437,hugo,45.16,-92.9933,20.14,96,100,4.12,US,1722892315
438,la paz,-16.5,-68.15,14.99,19,20,6.17,BO,1722892316
439,tara,56.8944,74.371,14.48,95,91,1.52,RU,1722892317
440,piacabucu,-10.4056,-36.4344,22.73,86,37,4.22,BR,1722892318
441,fuglafjordur,62.244,-6.814,11.26,89,0,3.69,FO,1722892319
442,forster,-32.1667,152.5167,10.21,100,92,3.63,AU,1722892320
443,angaur state,6.906,134.13,28.75,73,100,4.14,PW,1722892323
444,laguna,38.421,-121.4238,37.27,33,0,3.6,US,1722892324
445,wangaratta,-36.3667,146.3333,2.48,99,22,0.72,AU,1722892325
446,eagle point,42.4726,-122.8028,37.22,24,0,3.6,US,1722892326
447,'alaqahdari dishu,30.4374,63.313,33.58,16,16,4.27,AF,1722892327
448,baraboo,43.4711,-89.7443,26.08,81,100,3.09,US,1722892328
449,port saint john's,-31.6229,29.5448,13.2,75,0,2.14,ZA,1722892329
450,rimouski,48.4488,-68.524,18.09,53,81,4.18,CA,1722892330
451,staroaleyskoye,51.0061,82.0,15.97,76,76,2.2,RU,1722892332
452,toma,12.7667,-2.8833,26.23,77,92,3.4,BF,1722892333
453,bloomington,44.8408,-93.2983,21.34,91,100,4.12,US,1722892334
454,port augusta,-32.5,137.7667,6.31,82,23,1.11,AU,1722892335
455,inyonga,-6.7167,32.0667,19.04,27,0,1.55,TZ,1722892336
456,port shepstone,-30.7414,30.455,14.39,74,17,3.21,ZA,1722892337
457,lijiang,26.8688,100.2207,13.72,95,11,1.15,CN,1722892339
458,tommot,58.9564,126.2925,13.13,98,100,3.08,RU,1722892340
459,xiongzhou,25.1167,114.3,23.67,93,100,1.13,CN,1722892341
460,ondjiva,-17.0667,15.7333,18.59,18,0,2.49,AO,1722892342
461,hassi messaoud,31.6804,6.0729,34.32,20,0,4.48,DZ,1722892343
462,mitsamiouli,-11.3847,43.2844,24.53,66,7,1.76,KM,1722892344
463,tamanrasset,22.785,5.5228,32.95,18,40,2.06,DZ,1722892345
464,rio preto da eva,-2.6994,-59.6997,35.67,26,65,2.45,BR,1722892347
465,yarmouth,41.7057,-70.2286,29.8,71,0,5.14,US,1722892348
466,bom sucesso,-21.0331,-44.7581,21.83,48,100,2.47,BR,1722892349
467,aleksandrovskoye,44.7142,43.0008,19.07,91,81,2.33,RU,1722892350
468,mango hill,-27.2435,153.0238,15.67,82,100,2.06,AU,1722892351
469,monteagudo,-19.8167,-63.9833,28.91,36,0,4.19,BO,1722892352
470,sinop,41.7711,34.8709,17.35,95,69,0.81,TR,1722892354
471,whangarei,-35.7317,174.3239,9.96,84,13,1.15,NZ,1722892355
472,labuan,5.2767,115.2417,27.42,80,99,2.78,MY,1722892356
473,constitucion,-35.3333,-72.4167,10.68,82,93,2.2,CL,1722892357
474,amroha,28.9167,78.4667,27.99,76,89,2.53,IN,1722892358
475,buka,40.8108,69.1986,22.35,29,1,1.8,UZ,1722892359
476,nueva gerona,21.8833,-82.8,31.93,63,100,3.38,CU,1722892360
477,nabire,-3.3667,135.4833,23.27,93,75,1.18,ID,1722892361
478,bima,-8.4667,118.7167,22.21,92,20,1.61,ID,1722892363
479,atar,20.5169,-13.0499,35.92,28,3,5.62,MR,1722892364
480,moundou,8.5667,16.0833,23.57,82,99,0.52,TD,1722892365
481,tingo maria,-9.2895,-76.0088,27.17,78,20,1.03,PE,1722892366
482,benjamin constant,-4.3831,-70.0311,33.07,58,20,2.06,BR,1722892367
483,livingstone,-17.8419,25.8543,18.72,16,0,1.08,ZM,1722892368
484,nogliki,51.8333,143.1667,13.83,88,95,2.87,RU,1722892369
485,sovetskaya gavan',48.9723,140.2878,14.85,92,67,2.55,RU,1722892371
486,vadso,70.0744,29.7487,11.49,93,20,4.63,NO,1722892372
487,rantauprapat,2.1,99.8333,22.91,99,100,1.03,ID,1722892373
488,kodinsk,58.6881,99.1844,13.36,82,9,1.57,RU,1722892343
489,tezu,27.9167,96.1667,23.51,97,99,1.58,IN,1722892375
490,ouani,-12.1322,44.4258,23.98,72,40,2.61,KM,1722892376
491,warwick,41.7001,-71.4162,31.98,62,40,5.66,US,1722892358
492,usinsk,65.9939,57.5281,7.8,75,62,5.69,RU,1722892378
493,baruun-urt,46.6806,113.2792,18.65,51,83,4.35,MN,1722892380
494,auburndale,28.0653,-81.7887,29.4,84,100,9.77,US,1722892114
495,fukuecho,32.6881,128.8419,28.39,78,60,2.61,JP,1722892382
496,goz beida,13.95,20.55,23.34,89,90,3.71,TD,1722892383
497,san felipe,10.3399,-68.7425,28.44,75,95,2.29,VE,1722892384
498,balcarce,-37.8462,-58.2552,15.22,83,91,2.24,AR,1722892385
499,berdigestyakh,62.0989,126.6992,12.82,96,100,1.88,RU,1722892387
500,cordoba,-31.4135,-64.1811,21.77,41,0,1.79,AR,1722892118
501,nema,57.5067,50.5011,14.6,95,68,1.19,RU,1722892389
502,khanty-mansiysk,61.0042,69.0019,17.06,82,40,4.0,RU,1722892390
503,"laikit, laikit ii (dimembe)",1.4792,124.9735,20.47,100,20,1.03,ID,1722892391
504,cidreira,-30.1811,-50.2056,15.83,98,90,3.9,BR,1722892392
505,bardai,11.65,7.2333,22.28,90,100,3.12,NG,1722892393
506,quellon,-43.1167,-73.6167,7.95,93,100,7.44,CL,1722892394
507,tulun,54.5611,100.5792,12.53,88,14,1.46,RU,1722892396
508,kuanda,56.3161,116.0806,14.03,87,95,1.1,RU,1722892397
509,port elizabeth,-33.918,25.5701,12.95,64,0,1.34,ZA,1722892398
510,loukhi,66.0764,33.0381,10.4,80,90,1.14,RU,1722892399
511,bandar lampung,-5.4254,105.258,21.78,97,62,0.98,ID,1722892400
512,boa vista,2.8197,-60.6733,32.99,46,20,3.09,BR,1722892401
513,lebyazh'ye,55.2689,66.4947,16.82,90,100,4.12,RU,1722892402
514,bharthana,26.7571,79.2248,28.63,76,56,3.39,IN,1722892404
515,janowiec wielkopolski,52.7558,17.4898,14.54,80,7,3.07,PL,1722892405
516,kill devil hills,36.0307,-75.676,29.0,80,75,5.66,US,1722892406
517,aleksandrov gay,50.147,48.5704,23.63,60,6,3.95,RU,1722892407
518,chipiona,36.7366,-6.437,26.28,88,0,2.06,ES,1722892408
519,garhshankar,31.2167,76.1333,27.6,82,100,4.42,IN,1722892409
520,pospelikha,51.95,81.7667,17.63,74,64,3.52,RU,1722892410
521,kapit,2.0167,112.9333,22.19,98,47,0.59,MY,1722892411
522,tofol,5.3248,163.0078,28.25,75,82,3.75,FM,1722892413
523,childress,34.4264,-100.204,36.14,26,0,1.54,US,1722892414
524,naze,28.3667,129.4833,27.24,86,25,3.27,JP,1722892415
525,mumford,5.2618,-0.759,23.35,89,100,4.69,GH,1722892417
526,gao,16.6362,1.637,33.23,46,65,3.4,ML,1722892418
527,ayvacik,39.6011,26.4047,24.58,62,1,2.13,TR,1722892419
528,dolores,-36.3132,-57.6792,12.83,93,100,5.82,AR,1722892420
529,alofi,-19.0595,-169.9187,22.94,88,100,3.09,NU,1722892423
530,pestovo,58.5938,35.8024,13.98,97,91,1.99,RU,1722892424
531,gobabis,-22.45,18.9667,11.07,27,0,5.18,NA,1722892425
532,vernon,50.2581,-119.2691,35.16,22,0,1.06,CA,1722892426
533,santa terezinha,-29.9002,-50.0904,15.79,99,81,4.23,BR,1722892427
534,verkhov'ye,52.8119,37.2425,18.97,59,100,3.25,RU,1722892428
535,ashkasham,36.6833,71.5333,14.72,40,0,1.88,AF,1722892430
536,aljezur,37.3191,-8.8033,18.98,86,4,5.16,PT,1722892431
537,severo-yeniseyskiy,60.3725,93.0408,13.79,81,100,2.0,RU,1722892432
538,whitecourt,54.1502,-115.6855,14.95,95,100,1.93,CA,1722892433
539,tazacorte,28.629,-17.9293,22.54,93,0,5.14,ES,1722892434
540,san julian,21.0167,-102.1667,25.04,34,2,1.48,MX,1722892435
541,salinopolis,-0.6136,-47.3561,27.37,77,61,6.45,BR,1722892436
542,ust-tsilma,65.441,52.1498,11.58,75,0,3.09,RU,1722892437
543,mareeba,-17.0,145.4333,15.4,91,7,0.98,AU,1722892438
544,chibougamau,49.9168,-74.3659,12.79,88,100,1.54,CA,1722892173
545,morahalom,46.2181,19.8851,20.59,63,100,3.12,HU,1722892441
546,veinticinco de mayo,-35.4323,-60.1727,15.55,83,100,0.89,AR,1722892442
547,astrakhan,46.3497,48.0408,26.93,65,0,2.0,RU,1722892443
548,bel ombre,-4.6167,55.4167,25.22,87,88,7.95,SC,1722892444
549,al ain city,24.1917,55.7606,36.79,39,20,6.69,AE,1722892445
550,ketchikan,55.3422,-131.6461,23.26,49,0,5.66,US,1722892446
551,laminusa,5.5549,120.9136,28.45,75,97,3.15,PH,1722892447
552,melksham,51.3728,-2.14,19.69,85,41,4.54,GB,1722892449
553,sokoni,-6.4333,39.55,24.77,79,3,7.23,TZ,1722892450
554,nurmijarvi,60.4641,24.8073,18.08,93,0,1.54,FI,1722892451
555,samana,19.2056,-69.3369,30.12,79,40,3.09,DO,1722892452
556,nuuk,64.1835,-51.7216,11.34,71,75,1.03,GL,1722892444
557,marlin,31.3063,-96.898,38.16,28,0,1.36,US,1722892454
558,geraldton,-28.7667,114.6,8.23,93,0,5.66,AU,1722892455
559,quibala,-10.7337,14.98,18.86,69,4,1.14,AO,1722892457
560,rabo de peixe,37.8,-25.5833,23.73,94,40,4.12,PT,1722892458
561,choix,26.7092,-108.3219,36.07,37,22,3.71,MX,1722892459
562,yuzhno-kurilsk,44.0306,145.8556,16.02,99,100,2.29,RU,1722892460
563,jeddah,21.5169,39.2192,33.92,59,0,4.12,SA,1722892461
564,ilha de mocambique,-15.0342,40.7358,23.74,73,18,3.41,MZ,1722892462
565,ornskoldsvik,63.2909,18.7153,14.53,100,6,1.54,SE,1722892463
566,korla,41.7597,86.1469,28.53,34,87,2.3,CN,1722892464
567,aljubarrota,39.5672,-8.9293,20.47,95,0,4.67,PT,1722892466
568,santiago de tolu,9.5239,-75.5814,28.89,79,100,4.66,CO,1722892467
569,kayyerkan,69.3786,87.7439,5.8,80,26,4.61,RU,1722892468
570,boende,-0.2167,20.8667,24.22,72,69,1.26,CD,1722892469
571,ilebo,-4.3167,20.5833,25.47,43,48,1.14,CD,1722892470
572,gorontalo,0.5412,123.0595,22.51,97,57,0.9,ID,1722892471
573,santuario,6.1383,-75.2642,20.02,72,40,5.66,CO,1722892473
574,mezzolombardo,46.209,11.0968,24.53,55,19,0.66,IT,1722892474
575,zakynthos,37.7914,20.8953,24.68,75,0,4.22,GR,1722892475
